,D41W11,L1R8,IL1W12,IL1W21,IL1W25,IL1W28,IL3W38,TL1W7,TL1W8,TL1W19,TL3W19,TL3W42,IL3W20,IL3W49,IL12W10,W010,W045,W050,W053,W068,W072,W073,W090,W092,W225,W240,W264,W265,W326,W348,W354,W356,W381,W397,W407,W409,W413,W425,W431,W441,W448,W453,W478,W497,W628,W634,W658,W666,W668,W683,W709,W724,W732,W781,W783,R818,W823,W1030,W1031,W1032,W1043,W1081,W1112,W1113,W1118,W1119,W1120,W1121,W1122,W1123,W1131,W1132,W1134
1948,,,,,,,,,,,,,,,,,,,,,,,,,,,,,,,,,,,,,,,,,,0.2579,,,,,,,,,,,,,,,,,,,,,,,,,,,,,,,
1949,,,,,,,,,,,,,,,,,,,,,,,,,,,,,,,,,,,,,,,,,,0.50025,,,,,,,,,,,,,,,,,,,,,,,,,,,,,,,
1950,,,,,,,,,,,,,,,,,,,,,,,,,,,,,,,,,,,,,,,,,,0.4398,,,,,,,,,,,,,,,,,,,,,,,,,,,,,,,
1951,,,,,,,,,,,,,,,,,,,,,,,,,,,,,,,,,,,,,,,,,,0.20725,,,,,,,,,,,,,,,,,,,,,,,,,,,,,,,
1952,,,,,,,,,,,,,,,,,,,,,,,,,,,,,,,,,,,,,,,,,,0.2616,,,,,,,,,,,,,,,,,,,,,,,,,,,,,,,
1953,,,,,,,,,,,,,,,,,,,,,,,,,,,,,,,,,,,,,,,,,,0.21855,,,,,,,,,,,,,,,,,,,,,,,,,,,,,,,
1954,,,,,,,,,,,,,,,,,,,,,,,,,,,,,,,,,,,,,,,,,,0.3269,,,,,,,,,,,,,,,,,,,,,,,,,,,,,,,
1955,,,,,,,,,,,,,,,,,,,,,,,,,,,,,,,,,,,,,,,,,,0.23035,,,,,,,,,,,,,,,,,,,,,,0.1605,,,,,,,,,
1956,,,,,,,,,,,,,,,,,,,,,,,,,,,,,,,,,,,,,,,,,,0.3011,,,,,,,,,,,,,,,,,,,,,,0.092333333,,,,,,,,,
1957,,,,,,,,,,,,,,,,,,,,,,,,,,,,,,,,,,,,,,,,,,0.24125,,,,,,,,,,,,,,,,,,,,,,0.1275,,,,,,,,,
1958,,,,,,,,,,,,,,,,,,,,,,,,,,,,,,,,,,,,,,,,,,0.30795,,,,,,,,,,,,,,,,,,,,,,0.08825,,,,,,,,,
1959,,,,,,,,,,,,,,,,,,,,,,,,,,,,,,,,,,,,,,,,,,0.1814,,0.351666667,,,,,,,,,,,,,,,,,,,,0.0695,,,,,,,,,
1960,,,,,,,,,,,,,,,,,,,,,,,,,,,,,,,,,,,,,,,,,,0.2616,,0.347666667,,,,,,,,,,,,,,,,,,,,0.07425,,,,,,,,,
1961,,,,,,,,,,,,,,,,,,,,,,,,,,,,,,,,,,,,,,,,,,0.23505,,0.309666667,,,,,,,,,,,,,,,,,,,,0.1354,,,,,,,,,
1962,,,,,,,,,,,,,,,,,,,,,,,,,,,,,,,,,,,,,,,,,,0.19985,,0.289333333,,,,,,,,,,,,,,,,,,,,0.1348,,,,,,,,,
1963,,,,,,,,,,,,,,,,,,,,,,,,,,,,,,,,,,,,,,,,,,0.16825,,0.531666667,,,,,,,,,,,,,,,,,,,,0.1162,,,,,,,,,
1964,,,,,,,,,,,,,,,,,,,,,,,,,,,,,,,,,,,,,,,,,,0.1137,,0.41,,,,,,,,,,,,,,,,,,,,0.1,,,,,,,,,
1965,,,,,,,,,,,,,,,,,,,,,,,,,,,,,,,,,,,,,,,,,,0.1737,,0.562,,,,,,,,,,,,,,,,,,,,0.094,,,,,,,,,
1966,,,,,,,,,,,,,,,,,,,,,,,,,,,,,,,,,,,,,,,,,,0.178,,0.517333333,,,,,,,,,,,,,,,,,,,,0.0918,,,,,,,,,
1967,,,,,,,,,,,,,,,,,,,,,,,,,,,,,,,,,,,,,,,,,,0.1582,,0.244,,,,,,,,,,,,,,,,,,,,0.1188,,,,,,,,,
1968,,,,,,,,,,,,,,,,,,,,,,,,,,,,,,,,,,,,,,,,,,0.14765,,0.441666667,,,,,,,,,,,,,,,,,,,,0.1084,,,,,,,,,
1969,,,,,,,,,,,,,,,,,,,,,,,,,,,,,,,,,,,,,,,,,,0.118,,0.274333333,,,,,,,,,,,,,,,,,,,,0.1556,,,,,,,,,
1970,,,,,,,,,,,,,,,,,,,,,,,,,,,,,,,,,,,,,,,,,,0.1386,,0.535333333,,,,,,,,,,,,,,,,,,,,0.3198,,,,,,,,,
1971,,,,,,,,,,,,,,,,,,,,,,,,,,,,,0.3605,,,,,,,,,,,,,0.11735,,0.534333333,,,,,,,,,,,,,,,,,,,,0.4254,,,,,,,,,
1972,,,,,,,,,,,,,,,,,,,,,,,,,,,,,0.927,,,,,,,,,,,,,0.096,,0.635,,,,,,,,,,,,,,,,,,,,0.579,,,,,,,,,
1973,,,,,,,,,,,,,,,,,,,,,,,,,,,,,0.88475,,,,,,,,,,,,,0.11925,0.56985,0.541,,,,,,,,,,,,,,,,,,0.283666667,,0.5954,,,,,,,,,
1974,,,,,,,,,,,,,,,,,,,,,,,,,,,,,0.33575,,,,,,,,,,,,,0.11865,0.5511,0.4225,,,,,,,,,,,,,,,,,,0.468,,0.465,,,,,,,,,
1975,,,,,,,,,,,,,,0.1346,,,,,,,,,,,,,,,0.44775,,,,,,,,,,,,,0.12145,0.59565,0.571666667,,,,,,,,,,,,,,,,,,0.497,,0.4094,,,,,,,,,
1976,,,,,,,,,,,,,,0.41327,,,,,,,,,,,,,,,0.2865,,,,0.231115086,,,,,,,,,0.12615,0.47575,0.908666667,,,,,,,,,,,,,,,,,,0.3825,,0.403,,,,,,,,,
1977,,,,,,,,,,,,,,0.27793,,,,,,,,,,,,,,,0.3765,,,,0.471453914,,,,,,,,,0.0968,0.2797,0.532333333,,,,,,,,,,,,,,,,,,0.37775,,0.3062,,,,,,,,,
1978,,,,,,,,,,,,,,0.45413,,,,,,,,,,,,,,,0.40775,,,,0.512637857,,,,,,,,,0.13745,0.35275,0.631666667,,,,,,,,,,,,,,,,,,0.43625,,0.44,,,,,,,,,
1979,,,,,,,,,,,,,,0.25587,,,,,,,,,,,,,,,0.9505,,,,0.908095057,,,,,,,,,0.164,0.47845,0.62,,,,,,,,,,,,,,,,,,0.59175,,0.5666,,,,,,,,,
1980,,,,,,,,,,,,,,0.46767,,,,,,,,,,,,,,,0.498,,,,0.566172686,,,,,,,,,0.17785,0.28875,0.637,,,,,,,,,,,,,,,,,,0.47275,,0.5852,,,,,,,,,
1981,,,,,,,,,,,,,,0.3736,,,,,,,,,,,,,,,0.92725,,,,0.694623314,,,,,,,,,0.07445,0.3736,0.631333333,,,,,,,,0.3122,,,,,,,,,,0.4915,,0.7366,,,,,,,,,
1982,,0.4708,,,,,,,,,,,,0.7226,,,,,,,,,,0.13375,,,,,1.0505,,,,0.711621571,,,,,,,,,0.17445,0.3621,0.640666667,,,,,,,,1.0817,,,,,,,,,,0.487,,0.6822,,,,,,,,,
1983,,1.2185,,,,,,,,,,,,0.7482,,,,,,,,,,0.63075,,,,,1.01,,,,0.534367829,0.41475,,,,,,,,0.21685,0.34265,0.637666667,,,,,,,,0.69745,,,,0.405,,,,,,0.44975,,0.7432,,,,,,,,,
1984,,0.81245,,,,,,,,,,,,0.53533,,,,,,,,,,0.32475,,,,,0.682,,,,0.283323343,0.68,,,,,,,,0.2307,0.3904,0.62375,,,,,,,,0.77865,,,,1.25525,,,,,,0.5035,,0.5834,,,,,,,,,
1985,,0.6462,,,,,,,,,,,,0.35827,,,,,,,,,,0.3475,,,,,0.31475,,,,0.237646286,0.377,,,,,,,,0.20965,0.26395,0.19225,,,,,,,,0.4209,,,,0.96525,,,,,,0.32325,,0.3956,,,,,,,,,
1986,,0.51465,,,,,,,,,,,,0.63213,,,,,,,,,0.381076,0.351,,,,,0.39075,,,,0.388920143,0.4875,,,,,,,,0.2459,0.3431,0.329,,,,,,,,0.6397,,,,0.7385,,,,,,0.3305,,0.5162,,,,,,,,,
1987,,0.59065,,,,,,,,,,,,0.54707,,,,,,,,,0.69573525,0.377,,,,,0.294,,,,0.389882743,0.8905,,,,,,,,0.21985,0.40525,0.3615,,,,0.4102,,,,0.586,,,,0.671,,,,,,0.30225,,0.548,,,,,,,,,
1988,,0.4951,,,,,,,,,,,,0.5498,,,,,,,,,0.8672995,0.47325,,,,,0.331,,,,0.387170371,0.72025,,,,,,,,0.19435,0.3663,0.2525,,,,0.62115,,,,0.85895,0.66535,,,0.88,,,,,,0.38675,,0.4972,,,,,,,,,
1989,,0.6952,,,,0.114,,,,,,,,0.62207,,,,,,,,,0.2712175,0.381,,,,,0.3505,,,,0.348826829,1.0845,,,,,,,,0.22115,0.43645,0.26725,,,,0.4647,0.18615,,,0.6136,0.69945,,,1.03075,,,,,,0.391,,0.388,,,,,,,,,
1990,,0.84275,,,,0.663,,,,,,,,0.53527,,,,,0.166,,,,0.336707,0.4805,0.5092714,,,,0.18425,,,,0.433751914,1.12125,,,,,,,,0.24345,0.4441,0.25575,,,,0.4756,0.848,,,0.82935,0.9682,,,1.12875,,,,,,0.37,,0.376,,,,,,,,,
1991,,0.6908,,,,0.46,,,,,,,,0.451,,,,,0.57,,,,0.49509625,0.44375,0.83621695,,,0.2234845,0.0665,0.215,,,0.234498914,0.7805,,,,,,,,0.23965,0.15325,0.08325,,,,0.35195,0.75755,,,1.02195,0.7714,,,0.84425,,,,,,0.21675,,0.301,,,,,,,,,0.05275
1992,,0.473,,,,0.435,,,,,,,,0.42127,,,,,0.4005,0.31,,,0.87888725,0.437,0.88853575,,0.33745,0.514936,0.20475,0.66075,,,0.336534257,1.07575,,,,,,,,0.30655,0.3863,0.31025,,,,0.5395,0.7042,,,0.829,0.5596,,,0.95625,,0.273,,,,0.219,,0.3192,,,,,,,,,0.2625
1993,,0.4678,,,,0.099,,,,,,0.43865,,0.35493,,,,,0.535,0.827,,,0.73316875,0.5205,0.9480546,,0.3755,0.282485,0.235,0.484,,,0.3294814,0.8705,,,,,,,,0.16575,0.3715,0.3065,,,,0.5581,0.5658,,,0.6209,0.54095,,0.5861,0.973,,0.285,,,,0.171,,0.4132,,,,,,,,,0.4435
1994,,0.4479,,,,0.582,,,,,,0.8492,,0.3564,,,,,0.646,0.8775,,,1.171225,1.01975,0.7070688,,0.53275,0.234931,0.2315,0.5995,,,0.490331029,1.2705,,,,,,,,0.187,0.46185,0.22875,,,,0.54915,0.5523,,,0.45315,0.7863,,1.77115,1.14175,,0.55375,0.508,,,0.22175,,0.4262,1.08725,,,,,,,,0.6075
1995,,0.5163,,,,0.352,,,,,,0.47945,,0.3674,,,,,0.56,0.5645,,,0.5315025,0.5765,0.5371311,,0.5216,0.262829,0.10225,0.699,,,0.1344394,1.17375,,,,,,,,0.1804,0.1736,0.14025,,,,0.3686,0.7163,,,0.4036,0.7627,,2.0666,1.0425,,0.77025,0.57475,0.5655,0.25,0.192,,0.4306,0.8725,,,,,,,,0.56475
1996,,0.45905,,,,0.204,,,,,,0.24015,,0.50567,,0.21897925,,,0.51325,0.42275,,,0.38265325,0.4615,0.489597,,0.4117,0.366794,0.279,0.3955,,,0.305962286,1.00125,,,,,,,,0.18415,0.39695,0.3385,,,,0.4012,0.62525,,,0.43075,0.6944,,1.21345,1.0655,,0.5805,0.56675,0.76575,1.835333333,0.18375,,0.4328,0.51025,,0.10875,,,,,0.7395,0.77275
1997,,0.2944,,,,0.545,,,,,,0.1397,,0.35047,,0.92914565,,,0.35975,0.531,,,0.307764,0.33,0.5150594,,0.4536,0.413629,0.3165,0.469,,,0.310434829,0.87425,,,,0.4745,,,,0.2129,0.30535,0.32175,,,,0.3462,0.54735,,0.30205,0.6699,0.74125,,1.10595,0.89875,,0.42575,0.665,0.5075,1.077666667,0.1305,,0.4144,0.537,,0.871,,,,,0.58075,0.61425
1998,,0.3643,,0.305233333,,0.472,,,,,,0.1446,,0.2372,,1.34575065,,,0.17425,0.8735,,,0.2198315,0.25375,0.50504765,,0.3676,0.5116045,0.193,0.374,,,0.1212724,0.78825,,,,0.674,,,,0.19445,0.2792,0.2855,,,,0.3791,0.4584,,0.69315,0.61725,0.5601,,0.9676,0.6525,,0.3605,0.22025,0.305,1.794333333,0.21725,,0.382,0.32625,,0.73325,,,,,0.4625,0.4905
1999,,0.28475,,1.107233333,,0.345,,,,,,0.2325,,0.24133,,1.268689,,,0.287,0.4105,,,0.225715,0.1855,0.7574039,,0.46,0.533993,0.05175,0.21375,,,0.110774943,1.04125,,,,0.2767,,,,0.1473,0.17595,0.3855,,,0.22605,0.20835,0.3683,,0.7174,0.23425,0.36225,,0.8471,0.7145,,0.3245,0.134,0.26825,1.517333333,0.22075,,0.4182,0.25825,,0.212,,,,,0.41375,0.453
2000,,0.30695,,0.8576,,0.514,,,,,,0.3147,0.2885,0.39067,,1.35491745,,,0.637,0.7545,,,0.24389175,0.211,0.9724382,,0.5971,0.5713595,0.07475,0.3535,,,0.257143943,1.13125,,,,0.6038,,,,0.20565,0.16945,0.4905,,,0.75895,0.3391,0.5566,,0.36155,0.53335,0.5982,,0.888,0.82775,,0.25825,0.48975,0.379,2.061666667,0.21825,,0.4496,0.3385,,0.72275,,,,,0.63225,0.4145
2001,0.1826,0.20415,,0.697066667,,0.453,,,,,,0.2372,0.6824,0.28107,,0.64635225,,,0.635,0.6115,,,0.248207,0.238,0.43989365,,0.37875,0.3806075,0.04725,0.2955,,,0.118798143,0.5405,,,,0.364,,,,0.1372,0.1909,0.29,,0.3062,0.54705,0.22105,0.44705,,0.40325,0.59605,0.6338,,0.6064,0.68175,,0.19525,0.4345,0.2675,1.740333333,0.12175,,0.3042,0.3325,,0.646,,,,,0.41575,0.2705
2002,1.02515,0.2998,,1.069,,0.262,,,,,,0.5548,0.85615,0.452,,0.51855555,,,0.91175,0.59175,,,0.207168,0.21775,0.59602245,,0.4521,0.3844025,0.152,0.231,0.35015,0.30775,0.1119594,0.549,,,,0.337,,,0.107371429,0.23025,0.2902,0.43775,,0.9292,0.86255,0.27565,0.41455,,0.5324,0.4913,0.64525,,0.60335,0.769,,0.25425,0.3805,0.24325,1.3235,0.17125,,0.413,0.30175,,0.542,,,,,0.5485,0.29625
2003,0.6381,0.38335,,1.040733333,,0.429,,,,,,0.3651,0.5528,0.46273,,0.45626725,,,0.50875,0.56375,,,0.1591855,0.1435,0.5792407,,0.5554,0.415727,0.1645,0.24425,0.8051,0.38185,0.092640914,0.69975,,,,0.34235,,,0.5362,0.2232,0.35065,0.5105,,1.60585,1.0861,0.2711,0.47325,,0.5326,0.5334,0.4904,,0.43945,0.7135,,0.2775,0.2285,0.28725,1.511,0.143,,0.2866,0.2865,,0.40525,,,,0.526,0.4855,0.37725
2004,0.66735,0.2982,,0.837866667,,0.768,,,,,,0.3183,0.60825,0.43273,,0.49781755,,,0.61525,0.59925,,,0.17224325,0.11525,0.677328,,0.57185,0.348015,0.29,0.3645,0.8438,0.3077,0.202765571,0.968,,,0.5561,0.5122,,,0.856971429,0.2819,0.32535,0.58,0.4954,1.1208,1.14015,0.5089,0.46705,,0.599,0.69445,0.834,,0.53775,1.14175,,0.366,0.32125,0.32375,1.284,0.14575,,0.3826,0.27275,0.132,0.3775,0.179,,,0.83475,0.693,0.59525
2005,0.712,0.17355,0.65185,0.722133333,0.16,0.413,,,,,,0.02835,0.51935,0.16413,,0.2495512,,0.303402,0.5935,0.30125,,,0.0773685,0.028,0.536109,,0.39305,0.141385,0.0775,0.12825,0.34395,0.0985,0.034706743,0.3085,,0.2425,0.4884,0.2469,,,0.538514286,0.2061,0.21645,0.112,0.2947,0.8934,0.6164,0.26305,0.3825,0.61095,0.5212,0.4572,0.54605,,0.2818,0.62725,,0.18175,0.23475,0.16575,0.8465,0.082,,0.3164,0.15575,0.10175,0.1735,0.298,,,0.43625,0.3615,0.28975
2006,0.93825,0.2472,1.08745,1.248666667,1.38275,0.86,,,,,,0.09605,0.74505,0.27733,,0.33819455,0.7327,0.794083667,0.798,0.451,,,0.09977175,0.09425,0.91420985,,0.47715,0.17092,0.25425,0.26,1.1518,0.22285,0.159178257,0.883,0.38465,0.9319,0.5586,0.72865,,,0.562771429,0.22515,0.4554,0.246,0.95335,1.4111,1.2012,0.1815,0.49435,1.1754,0.83425,0.79925,0.98965,,0.4394,0.58775,,0.35525,0.35625,0.25875,1.027,0.16075,,0.3524,0.23775,0.12725,0.21525,0.49075,,,0.69275,0.5595,0.41325
2007,0.6739,0.1612,0.82725,1.137133333,1.46115,0.689,,,,,,0.1037,0.6648,0.25107,,0.46911025,1.562866667,0.489778333,0.942,0.23175,,,0.08826375,0.098,0.56425205,,0.1344,0.2956535,0.15625,0.16775,0.74265,0.50485,0.098796657,0.797,0.28025,0.75675,0.45315,1.07895,0.4953,0.213,0.740085714,0.1799,0.47025,0.50875,0.878,1.3364,0.76725,0.23555,0.39245,0.9373,0.61735,0.9891,0.49435,,0.69685,0.24125,,0.18475,0.318,0.2085,0.852333333,0.202,,0.433,0.266,0.143,0.2475,0.51075,,,0.56025,0.3925,0.21625
2008,0.37535,0.09665,0.6162,0.705266667,1.07075,0.943,,,,,,0.09305,0.5158,0.21533,,0.4034999,0.621533333,1.089023,0.20925,0.1735,,,0.0582295,0.1015,0.8734433,1.3226527,0.11225,0.3242795,0.1445,0.17925,0.6817,0.50015,0.030992457,0.86575,0.39265,0.63705,0.5129,0.93755,0.9729,0.673,0.735142857,0.19185,0.48015,0.45525,0.81725,1.10445,0.44535,0.205,0.3578,0.57345,0.4519,0.9297,0.329,,0.574,0.1525,0.6237,0.10975,0.20025,0.151,0.787,0.229,,0.3144,0.21625,0.1985,0.1485,0.528,,,0.5575,0.34,0.27125
2009,0.28465,0.07545,0.213,0.9599,0.80905,0.118,,,,,,0.09475,0.44595,0.15973,,0.19230885,0.401666667,0.968336667,0.121,0.0145,,,0.026372,0.03,0.56909385,0.6847606,0.1064,0.2313675,0.02775,0.001,0.08105,0.2214,0.001,0.245,0.4923,0.4179,0.3893,0.3754,0.51955,0.71475,0.680857143,0.1887,0.01975,0.001,0.80445,0.6384,0.1817,0.137,0.2798,0.5116,0.2652,0.6846,0.3689,,0.366,0.001,0.5783,0.061,0.14325,0.12475,0.405,0.1285,,0.001,0.159,0.128,0.1015,0.283,,,0.32375,0.18625,0.1645
2010,0.43045,0.12775,0.6218,0.990733333,1.4077,0.772,,,,,1.2724,0.34785,0.89685,0.1998,,0.25389915,0.9829,1.037253333,0.39975,0.126,0.45525,1.19575,0.03433375,0.125,0.7435263,1.1592444,0.10665,0.434677,0.16525,0.16075,0.85445,0.6499,0.038900057,0.5995,0.7019,0.9189,0.68155,0.97185,0.9595,0.807,0.584771429,0.26895,0.5755,0.16275,1.0959,1.7546,0.62685,0.26445,0.35495,0.9373,0.6115,1.05055,0.436,,0.6513,0.049,0.85425,0.17275,0.18825,0.12625,0.682333333,0.3265,,0.2752,0.236,0.35725,0.23675,0.5985,,,0.7755,0.2895,0.446
2011,0.51315,0.12425,0.97205,0.843433333,1.0727,1.492,,,,1.22245,1.44175,0.17275,0.9406,0.36567,,0.24695265,1.189666667,0.953911667,0.77975,0.133,1.43125,1.27975,0.029742,0.1045,0.785176,0.86577915,0.1441,0.4324175,0.199,0.25875,0.98955,0.6055,0.062598486,0.67425,0.8057,0.59575,0.53535,0.95355,0.69335,1.10425,0.739914286,0.21905,0.6817,0.50775,1.1227,1.64005,0.65325,0.1517,0.3457,0.70405,0.41875,0.7306,0.43475,0.5167,0.5452,0.03,0.7547,0.203,0.226,0.125,0.754666667,0.3395,1.21025,0.1452,0.228,0.369,0.16825,0.54825,,,0.73,0.36475,0.413
2012,0.4952,0.1348,1.14095,1.190133333,1.18155,1.73,,,,2.32395,1.1351,0.09355,1.1625,0.45393,0.17365,0.0753502,1.254533333,1.187141333,0.797,0.12725,1.289,1.152,0.03173,0.10625,0.98713465,1.0123533,0.2203,0.42466,0.205,0.24725,1.31035,0.69625,0.0682368,0.725,0.4445,0.5869,0.46695,0.6122,0.8656,1.793,0.883657143,0.26465,0.7349,0.411,1.31275,1.57515,0.69705,0.217,0.4865,0.83355,0.4513,0.8925,0.242,0.95225,0.73145,0.02025,0.82585,0.09775,0.19525,0.17775,1.329666667,0.37425,2.0545,0.7916,0.23525,0.37325,0.19725,0.66825,,,0.8125,0.37625,0.348
2013,0.49925,0.15205,0.9077,0.8452,0.96675,1.166,0.94965,0.4391,1.54575,1.20365,0.5,0.0139,0.2377,0.43013,1.495,0.25726595,1.202666667,1.345907333,0.46375,0.10125,0.835,0.8755,0.028562,0.057,0.70720625,1.29746485,0.16465,0.272676,0.04825,0.11725,0.13725,0.73475,0.001,0.00425,0.1437,0.4263,0.3981,0.80425,0.78205,1.46575,1.09,0.2703,0.42625,0.28775,0.86155,0.76685,0.3646,0.186,0.4124,0.6851,0.2861,0.48255,0.26815,0.94885,0.73875,0.001,0.781,0.21575,0.16475,0.15375,0.957333333,0.2795,1.93675,0.326,0.17525,0.354,0.1465,0.44475,,,0.57525,0.25875,0.273
2014,0.4207,0.12125,1.20905,0.691233333,1.20875,1.27,0.59825,1.9337,2.0014,1.5103,0.36585,0.001,0.1426,0.52,2.13125,0.7564895,0.898166667,2.068987,0.32075,0.05875,0.72975,0.6965,0.0173715,0.10825,0.8186675,1.0225498,0.09135,0.2043915,0.06675,0.216,0.1045,0.9436,0.589109829,0.001,0.9566,0.84085,0.8234,1.10945,1.1366,1.45825,0.599885714,0.2914,0.32995,0.21325,1.09715,0.4987,0.2966,0.14695,0.4257,0.9191,0.15575,0.44125,0.1323,1.2308,1.52715,0.1,0.711,0.1905,0.16325,0.163,0.971666667,0.30825,1.3955,0.001,0.22075,0.39775,0.001,0.3935,,,0.5425,0.26425,0.317
2015,0.3887,0.08765,1.1059,0.7931,0.90575,1.39,1.12195,2.24145,1.6436,1.28925,0.46235,0.01915,0.0229,0.74787,1.99415,0.9114891,1.196266667,1.926095667,0.337,0.01,0.8695,0.73675,0.02699,0.13125,0.67491815,0.9035299,0.1111,0.1939655,0.0775,0.09525,0.09165,0.90655,0.464824771,0.206,1.1008,0.7568,0.91975,0.92325,1.0683,1.636,0.679228571,0.28095,0.54515,0.20975,1.2597,0.7815,0.8725,0.11605,0.503,1.05975,0.3106,0.5139,0.3585,1.24125,2.41305,0.20325,0.75605,0.23775,0.13775,0.1845,0.835,0.25975,0.91125,0.067,0.22675,0.3655,0.12575,0.46275,,,0.41525,0.22925,0.2895
2016,0.4133,0.09335,0.50705,0.762833333,0.59965,1.701,0.8767,1.30185,0.8617,0.96505,0.40815,0.1796,0.03755,0.59293,0.7965,0.51059845,0.517033333,1.063897,0.147,0.04625,0.55275,0.56425,0.0249895,0.1305,0.47335785,0.70823405,0.0635,0.1330235,0.18675,0.07325,0.4031,0.5233,0.076769743,0.0435,1.0327,0.58585,0.8031,0.8806,0.88445,1.482,0.517485714,0.13995,0.46605,0.3175,0.91255,0.49525,0.48045,0.0533,0.5306,0.71105,0.3171,0.26815,0.1834,0.66075,1.1109,0.1,0.5944,0.1845,0.09925,0.16675,0.569333333,0.259,0.416,0.424,0.155,0.38875,0.07325,0.309,,1.41,0.18025,0.30725,0.264
2017,0.2951,0.15065,0.2545,0.9379,0.56525,1.695,0.6944,1.5796,0.8074,0.8487,0.873,0.0373,0.0462,0.29873,0.179,0.276458,0.512933333,0.829904,0.0685,0.0285,0.55725,0.48825,0.0238155,0.12925,0.33618995,0.51701155,0.0689,0.117951,0.109,0.07325,0.31915,0.6461,0.126658143,0.09175,1.28075,0.5992,0.8027,0.37885,0.85585,2.20275,0.503228571,0.17495,0.3817,0.37775,1.419,0.6264,0.2586,0.19155,0.35525,0.62885,0.0474,0.2688,0.14915,0.63225,0.77875,0.0495,0.7306,0.13475,0.09475,0.12875,0.429,0.20475,0.41125,0.5748,0.16725,0.37775,0.0295,0.41075,,1.963,0.12875,0.2235,0.33875
2018,0.35255,0.11535,0.0385,1.0568,0.29225,1.194,0.4566,0.8256,0.66085,0.43715,0.7165,0.0284,0.1625,0.2716,0.0278,0.2456077,0.455633333,0.432235667,0.0255,0.00275,0.70525,0.5745,0.001,0.18825,0.42938885,0.22621025,0.014,0.0547145,0.12075,0.001,0.16835,0.5782,0.1657476,0.1065,0.72065,0.21375,0.61105,0.001,0.46065,1.40975,0.389285714,0.17725,0.08875,0.37375,0.88975,0.6173,0.16475,0.11995,0.23865,0.62095,0.00755,0.2649,0.128,0.3638,0.44135,0.04425,0.6246,0.18575,0.067,0.16475,0.210666667,0.33625,0.51625,0.2566,0.199,0.33425,0.053,0.38525,0.168,0.72625,0.1335,0.14275,0.15525
2019,0.23035,0.461,0.20915,1.147666667,0.49025,0.905,0.2987,0.79315,0.97745,0.82215,0.6702,0.052,0.1199,0.267,0.05615,0.18687,0.159166667,0.279983,0.01925,0.00875,0.655,0.464,0.001,0.114,0.4759698,0.2666455,0.15035,0.1941485,0.052,0.0375,0.15605,0.59495,0.166402343,0.001,0.6066,0.31475,0.56375,0.20215,0.72325,1.86425,0.3914,0.10175,0.37685,0.13925,0.88355,0.75185,0.23595,0.21675,0.3666,0.6973,0.11495,0.1683,0.2985,0.3904,0.43575,0.0095,0.51295,0.18675,0.11,0.05975,0.192,0.33475,0.43675,0.3472,0.17725,0.389,0.057,0.34275,1.21925,1.18475,0.1065,0.13125,0.26225
2020,0.463,0.5703,0.2957,0.641533333,0.45525,1.286,0.1969,1.08945,0.85785,0.63205,0.6994,0.0491,0.17075,0.22853,0.001,0.24165955,0.459233333,0.059831333,0.027,0.077,0.79925,0.73,0.045604,0.1445,0.4375474,0.4566327,0.13505,0.1601515,0.097,0.09675,0.1181,0.4972,0.045196886,0.02925,0.4192,0.49845,0.7383,0.06405,0.55345,1.3,0.213457143,0.15245,0.0494,0.154,0.84705,0.7899,0.1221,0.15455,0.2832,0.50455,0.14855,0.16745,0.35765,0.36185,0.19635,0.0165,0.52585,0.154,0.1375,0.13925,0.098666667,0.22475,0.45875,0.3914,0.1855,0.26575,0.053,0.1895,1.4225,1.15425,0.0595,0.03975,0.42725
2021,0.40375,0.51715,0.2889,0.9842,0.43715,1.963,0.001,1.03205,0.74275,1.111,0.52895,0.0898,0.16685,0.32553,0.12895,0.22102755,0.256333333,0.041561333,0.001,0.09925,0.94225,0.70625,0.14648275,0.33025,0.48535855,0.1288894,0.2317,0.4374215,0.00375,0.06,0.57885,0.48685,0.1528658,0.04325,0.49785,0.53765,0.7617,0.1672,0.93235,0.92875,0.258714286,0.1694,0.1546,0.0965,1.31435,0.94815,0.0799,0.16005,0.27385,0.4871,0.22035,0.02,0.27455,0.8042,0.1756,0.08575,0.60465,0.15775,0.10775,0.11925,0.125,0.323,0.75725,0.368,0.21325,0.17475,0.0515,0.21025,1.94025,2.74325,0.23225,0.387,0.40375
2022,,,,,,,,,,,,,,,,0.15366095,1.194566667,0.0098,0.262,0.12875,0.79075,0.47375,0.0665655,0.5225,0.05742025,0.1877181,0.2225,0.482822,0.01275,0.06125,0.001,0.40585,0.136786543,0.01375,0.3029,0.1996,0.31565,0.0472,0.5271,0.95575,0.219028571,0.08985,0.19095,0.13425,1.0367,0.001,0.001,0.11395,0.22925,0.26155,0.1378,0.04475,0.02725,1.02205,0.0813,0.0415,0.6586,0.0925,0.036,0.11875,0.0445,0.207,0.8655,0.4544,0.20925,0.19975,0.0515,0.1355,1.3125,2.43475,0.04775,0.06425,0.26725
2023,,,,,,,,,,,,,,,,,,,,,,,,,,,,,,,,,,,,,,,,,,,,,,,,,,,,,,,,,,0.4165,0.05675,0.138,0.109,0.319,0.899,0.4998,0.222,0.309,0.04775,0.20775,1.63725,2.1295,0.001,0.0415,0.357
